{"cameraMode":{"drawMode":0,"name":"Shaded","section":"Shading Mode"},"sceneLighting":false,"audioPlay":false,"sceneViewState":{"m_AlwaysRefresh":false,"showFog":true,"showSkybox":false,"showFlares":true,"showImageEffects":true,"showParticleSystems":true,"showVisualEffectGraphs":true,"m_FxEnabled":true},"in2DMode":false,"pivot":{"x":-0.9700000286102295,"y":-1.9222607612609864,"z":12.820406913757325},"rotation":{"x":0.25572144985198977,"y":0.0463823638856411,"z":-0.012283885851502419,"w":0.9655613899230957},"size":6.387712478637695,"orthographic":true}