{"cameraMode":{"drawMode":0,"name":"Shaded","section":"Shading Mode"},"sceneLighting":false,"audioPlay":false,"sceneViewState":{"m_AlwaysRefresh":false,"showFog":true,"showSkybox":false,"showFlares":true,"showImageEffects":true,"showParticleSystems":true,"showVisualEffectGraphs":true,"m_FxEnabled":true},"in2DMode":false,"pivot":{"x":-1.0180000066757203,"y":3.1440000534057619,"z":33.220001220703128},"rotation":{"x":0.1324024498462677,"y":0.6315392255783081,"z":-0.11061878502368927,"w":0.7559055685997009},"size":1.5457669496536255,"orthographic":true}