{"cameraMode":{"drawMode":0,"name":"Shaded","section":"Shading Mode"},"sceneLighting":false,"audioPlay":false,"sceneViewState":{"m_AlwaysRefresh":false,"showFog":true,"showSkybox":false,"showFlares":true,"showImageEffects":true,"showParticleSystems":true,"showVisualEffectGraphs":true,"m_FxEnabled":true},"in2DMode":false,"pivot":{"x":132.66665649414063,"y":246.22235107421876,"z":-100.88105773925781},"rotation":{"x":0.025425724685192109,"y":0.07490510493516922,"z":-0.0019101903308182955,"w":0.9968698024749756},"size":303.7166748046875,"orthographic":true}