{"cameraMode":{"drawMode":0,"name":"Shaded","section":"Shading Mode"},"sceneLighting":false,"audioPlay":false,"sceneViewState":{"m_AlwaysRefresh":false,"showFog":true,"showSkybox":false,"showFlares":true,"showImageEffects":true,"showParticleSystems":true,"showVisualEffectGraphs":true,"m_FxEnabled":true},"in2DMode":false,"pivot":{"x":-0.9000005722045898,"y":1.8297792673110963,"z":19.15999984741211},"rotation":{"x":0.12321227788925171,"y":0.195149764418602,"z":-0.024719998240470887,"w":0.9726945161819458},"size":0.9754152894020081,"orthographic":true}